#,Name,Type 1,Type 2,Egg,Male,Female,No Gender,Shiny,Albino,Melanistics,,,
1,Bulbasaur,Grass,Poison,x,,,//,,,,,,
2,Ivysaur,Grass,Poison,//,x,,//,,,,,,
3,Venusaur,Grass,Poison,//,,,,,,,,,
4,Mega Venusaur,,,//,,,,,,,,,
5,Charmander,Fire,,x,,,//,,,,,,
6,Charmeleon,Fire,,//,,,//,,,,,,
7,Charizard,Fire,Flying,//,x,,//,,,,,,
8,Mega Charizard X,,,//,,,//,,,,,,
9,Mega Charizard Y,,,//,,,//,,,,,,
10,Squirtle,Water,,x,,,//,,,,,,
11,Wartortle,Water,,//,,,//,,,,,,
12,Blastoise,Water,,//,x,,//,,,,,,
13,Mega Blastoise,,,//,,,//,,,,,,
14,Caterpie,Bug,,x,,,//,,,,,,
15,Metapod,Bug,,//,,,//,,,,,,
16,Buterfree,Bug,Flying,//,,,//,,,,,,
17,Mega Butterfree,,,//,,,//,,,,,,
18,Weedle,Bug,Poison,x,,,//,,,,,,
19,Kakuna,Bug,Poison,//,,,//,,,,,,
20,Beedrill,Bug,Poison,//,,,//,,,,,,
21,Mega Beedrill,,,//,,,//,,,,,,
22,Pidgey,Normal,Flying,x,,,//,,,,,,
23,Pidgeotto,Normal,Flying,//,,,//,,,,,,
24,Pidgeot,Normal,Flying,//,x,,//,,,,,,
25,Mega Pidgeot,,,//,,,//,,,,,,
26,Rattata,Normal,,x,,,//,,,,,,
27,Raticate,Normal,,//,,x,//,,,,,,
28,Alolan Rattata,,,,,,//,,,,,,
29,Alolan Raticate,Dark,Normal,//,,,//,,,,,,
30,Alolan Totem Raticate,,,//,,,//,,,,,,
31,Spearow,Normal,Flying,x,,,//,,,,,,
32,Fearow,Normal,Flying,//,x,,//,,,,,,
33,Ekans,Poison,,x,,,//,,,,,,
34,Arbok,Poison,,//,,,//,,,,,,
35,Mega Arbok,,,//,,,//,,,,,,
36,Pichu,Electric,,x,,,//,,,,,,
37,Pikachu,Electric,,//,,,//,,x,,,,
38,Raichu,Electric,,//,x,,//,,x,,,,
39,Mega Raichu,,,//,,,//,,,,,,
40,Alolan Raichu,,,//,,,//,,,,,,
41,Sanshrew,Ground,,x,,,//,,,,,,
42,Sandslash,,,//,,,//,,,,,,
43,Totem Sandslash,,,//,,,//,,,,,,
44,Alolan Sandshrew,Ice,Steel,x,,,//,,,,,,
45,Alolan Sandslash,Ice,Steel,//,,x,//,,,,,,
46,Nidoran,Poison,,x,,,//,,,,,,
47,Nidorina,Poison,,//,//,,//,,,,,,
48,Nioqueen,Poison,Ground,//,//,,//,,,,,,
49,Nidorino,Poison,,//,,//,//,,,,,,
50,Nidoking,,,//,,//,//,,,,,,
51,Cleffa,Fairy,,x,,,//,,,,,,
52,Clefairy,Fairy,,//,,,//,,,,,,
53,Clefable,Fairy,,//,,,//,,,,,,
54,Vulpix,Fire,,x,,x,//,,,,,,
55,Ninetails,Fire,,//,,,//,,,,,,
56,Mega Ninetails,,,//,,,//,,,,,,
57,Alolan Vulpix,Ice,,x,,x,//,,,,,,
58,Alolan Ninetails,,,//,,,//,,,,,,
59,Igglybuff,Normal,Fairy,x,,,//,,,,,,
60,Jigglypuff,Normal,Fairy,//,,x,//,,,,,,
61,Wigglytuff,Normal,Fairy,//,,,//,,,,,,
62,Zubat,Poison,Flying,x,,,//,,,,,,
63,Golbat,,,//,,,,,,,,,
64,Crobat,,,//,,,,,,,,,
65,Oddish,Grass,Poison,x,,x,//,,,,,,
66,Gloom,Grass,Poison,//,,,//,,,,,,
67,Vileplume,Grass,Poison,//,x,,//,,,,,,
68,Bellosom,,,//,,,,,,,,,
69,Paras,Bug,Grass,x,,,//,,,,,,
70,Parasect,Bug,Grass,//,,,//,,,,,,
71,Venonat,Bug,Poison,x,,,//,,,,,,
72,Venomoth,Bug,Poison,//,,,//,,,,,,
73,Diglett,Ground,,x,,,//,,,,,,
74,Dugtrio,Ground,,//,,,//,,,,,,
75,Alolan Diglett,Ground,Steel,x,,,//,,,,,,
76,Alolan Dugtrio,,,//,,,,,,,,,
77,Meowth,Normal,,x,,x,//,,,,,,
78,Persian,,,//,,,,,,,,,
79,Mega Persian,,,//,,,,,,,,,
80,Alolan Meowth,Dark,,,,,//,,,,,,
81,Alolan Persian,Dark,,//,,,//,,,,,,
82,Psyduck,Water,,x,,,//,,,,,,
83,Golduck,Water,,//,x,,//,,,,,,
84,Mankey,Fighting,,x,,,//,,,,,,
85,Primeape,Fighting,,//,,,//,,,,,,
86,Growlithe,Fire,,x,,x,//,,,,,,
87,Arcanine,Fire,,//,,,//,,,,,,
88,Mega Arcanine,,,//,,,//,,,,,,
89,Poliwag,Water,,,,x,//,,,,,,
90,Poliwhirl,,,//,,,,,,,,,
91,Poliwrath,,,//,,,,,,,,,
92,Politoad,,,//,,,,,,,,,
93,Abra,Psychic,,x,,,//,,,,,,
94,Kadabra,Psychic,,//,,,//,,,,,,
95,Alakazam,Psychic,,//,,,//,,,,,,
96,Mega Alakazam,,,//,,,//,,,,,,
97,Machop,Fighting,,x,x,,//,,,,,,
98,Machoke,,,//,,,,,,,,,
99,Machamp,,,//,,,,,,,,,
100,Bellsprout,Grass,Poison,x,,,//,,,,,,
101,Weepinbell,Grass,Poison,//,,,//,,,,,,
102,Victreebell,Grass,Poison,//,x,,//,,,,,,
103,Tentacool,Water,Poison,x,x,,//,,,,,,
104,Tentacruel,,,//,,,,,,,,,
105,Geodude,Rock,Ground,x,,,//,,,,,,
106,Graveler,,,//,,,,,,,,,
107,Golem,Rock,Ground,//,,,//,,,,,,
108,Alolan Geodude,Rock,Electric,x,,,//,,,,,,
109,Alolan Graveler,,,//,,,,,,,,,
110,Alolan Golem,,,//,,,,,,,,,
111,Ponyta,Fire,,x,,x,//,,,,,,
112,Rapidash,Fire,,//,,,//,,,,,,
113,Mega Rapidash,,,//,,,//,,,,,,
114,Slowpoke,Water,Psychic,,,,//,,,,,,
115,Slowbro,Water,Psychic,//,,x,//,,,,,,
116,Mega Slowbro,,,//,,,//,,,,,,
117,Slowking,Water,Psychic,//,x,,//,,,,,,
118,Magnemite,Electric,Steel,x,//,//,x,,,,,,
119,Magneton,,,//,,,,,,,,,
120,Megnezone,,,//,,,,,,,,,
121,Farfetch'd,Normal,Flying,x,,x,//,,,,,,
122,Mega Farfetch'd,,,//,,,//,,,,,,
123,Doduo,Normal,Flying,x,,x,//,,,,,,
124,Dodrio,,,//,,,,,,,,,
125,Seel,Water,,x,,x,//,,,,,,
126,Dewgong,,,//,,,,,,,,,
127,Mega Dewgong,,,//,,,,,,,,,
128,Grimer,Poison,,x,,,//,,,,,,
129,Muk,,,//,,,,,,,,,
130,Alolan Grimer,,,,,,,,,,,,
131,Alolan Muk,Poison,Dark,//,,,//,,,,,,
132,Shellder,Water,,,x,,//,,,,,,
133,Cloyster,Water,Ice,//,,,//,,,,,,
134,Ghastly,Ghost,Poison,x,,,//,,,,,,
135,Haunter,Ghost,Poison,//,,,//,,,,,,
136,Gengar,Ghost,Poison,//,,,//,,,,,,
137,Mega Gengar,,,//,,,//,,,,,,
138,Onix,Rock,Ground,x,,,//,,,,,,
139,Steelix,Steel,Ground,//,,,//,,,,,,
140,Mega Steelix,,,//,,,//,,,,,,
141,Drowzee,Psychic,,x,,,//,,,,,,
142,Hypno,,,//,,,,,,,,,
143,Krabby,Water,,x,x,,//,,,,,,
144,Kingler,,,//,,,,,,,,,
145,Voltorb,Electric,,x,//,//,x,,,,,,
146,Electrode,,,//,,,,,,,,,
147,Exeggcute,Grass,Psychic,x,,,//,,,,,,
148,Exeggcutor,Grass,Psychic,//,x,,//,,,,,,
149,Alolan Exeggcutor,Grass,Dragon,//,,x,//,,,,,,
150,Cubone,Ground,,x,,,//,,,,,,
151,Marowak,Ground,,//,,,//,,,,,,
152,Alolan Marowak,,,//,,,,,,,,,
153,Mega Alolan Marowak,,,//,,,,,,,,,
154,Totem Alolan Marowak,,,//,,,,,,,,,
155,Lickitung,Normal,,x,,,//,,,,,,
156,Lickilicky,Normal,,//,x,,//,,,,,,
157,Koffing,Poison,,x,,,//,,,,,,
158,Weezing,,,//,,,,,,,,,
159,Rhyhorn,Ground,Rock,x,,,//,,,,,,
160,Rhydon,,,//,,,,,,,,,
161,Rhyperior,,,//,,,,,,,,,
162,Tangela,Grass,,x,,,//,,,,,,
163,Tangrowth,Grass,,//,,x,//,,,,,,
164,Kangaskhan,Normal,,x,//,,//,,,,,,
165,Mega Kangaskhan,Normal,,//,//,x,//,,,,,,
166,Horsea,,,,,,,,,,,,
167,Seadra,,,//,,,,,,,,,
168,Kingdra,,,//,,,,,,,,,
169,Goldeen,Water,,x,,x,//,,,,,,
170,Seaking,,,//,,,,,,,,,
171,Staryu,Water,,,//,//,,,,,,,
172,Starmine,Water,Psychic,//,//,//,x,,,,,,
173,Mime Jr.,Psychic,Fairy,,,,//,,,,,,
174,Mr. Mime,Psychic,Fairy,x,,,//,,,,,,
175,Scyther,Bug,Flying,x,,,//,,,,,,
176,Scizor,Bug,Steel,//,,,//,,,,,,
177,Mega Scizor,,,//,,,//,,,,,,
178,Smoochum,Ice,Psychic,x,//,x,//,,,,,,
179,Jynx,,,//,,,,,,,,,
180,Mega Jynx,,,//,,,,,,,,,
181,Pinsir,Bug,,x,,,//,,,,,,
182,Mega Pinsir,,,//,,,//,,,,,,
183,Tauros,Normal,,x,x,//,//,,,,,,
184,Magikarp,Water,,x,,x,//,,,,,,
185,Gyarados,Water,Flying,//,,,//,,,,,,
186,Mega Gyarados,,,//,,,//,,,,,,
187,Lapras,Water,Ice,x,,,//,,,,,,
188,Mega Lapras,Water,Ice,//,,x,//,,,,,,
189,Ditto,,,,,,,,,,,,
190,Eevee,Normal,,x,,,//,,,,,,
191,Vaporeon,Water,,//,x,,//,,,,,,
192,Mega Vapoereon,,,//,,,//,,,,,,
193,Jolteon,Electric,,//,x,,//,,,,,,
194,Mega Jolteon,,,//,,,//,,,,,,
195,Flareon,Fire,,//,x,,//,,,,,,
196,Mega Flareon,,,//,,,//,,,,,,
197,Espeon,Psychic,,//,,,//,,,,,,
198,Mega Espeon,,,//,,,//,,,,,,
199,Umbreon,Dark,,//,,,//,,,,,,
200,Mega Umbreon,,,//,,,//,,,,,,
201,Leafeon,Grass,,//,x,,//,,,,,,
202,Mega Leafeon,,,//,,,//,,,,,,
203,Glaceon,Ice,,//,x,,//,,,,,,
204,Mega Glaceon,,,//,,,//,,,,,,
205,Sylveon,Fairy,,//,,,//,,,,,,
206,Mega Sylveon,,,//,,,//,,,,,,
207,Omanyte,,,,,,,,,,,,
208,Omastar,Rock,Water,//,x,,//,,,,,,
209,Kabuto,,,,,,,,,,,,
210,Kabutops,Rock,Water,//,,,//,,,,,,
211,Aerodactyl,Rock,Flying,x,,,//,,,,,,
212,Mega Aerodactyl,,,//,,,//,,,,,,
213,Munchlax,,,,,,,,,,,,
214,Snorlax,Normal,,x,x,,//,,,,,,
215,Articuno,Ice,Flying,x,,x,//,,,,,,
216,Zapdos,Electric,Flying,x,,x,//,,,,,,
217,Moltres,Fire,Flying,x,x,,//,,,,,,
218,Dratini,Dragon,,x,,,//,,,,,,
219,Dragonair,,,//,,,,,,,,,
220,Dragonite,Dragon,Flying,//,,,//,,,,,,
221,Mega Dragonite,,,//,,,//,,,,,,
222,Mewtwo,,,,,,,,,,,,
223,Mega Mewtwo X,,,//,,,,,,,,,
224,Mega Mewtwo Y,,,//,,,,,,,,,
225,Mew,,,,,,,,,,,,
226,Mega Mew,,,//,,,,,,,,,
227,Chikorita,Grass,,x,,,//,,,,,,
228,Bayleef,Grass,,//,x,,//,,,,,,
229,Meganium,Grass,,//,,,//,,,,,,
230,Cyndaquil,Fire,,,,,//,,,,,,
231,Quilava,Fire,,//,x,,//,,,,,,
232,Typhlosion,,,//,,,,,,,,,
233,Totodile,Water,,x,,,//,,,,,,
234,Croconaw,Water,,//,,,//,,,,,,
235,Feraligator,Water,,//,x,,//,,,,,,
236,Sentret,Normal,,x,,,//,,,,,,
237,Furret,Normal,,//,,,//,,,,,,
238,Mega Furret,,,//,,,//,,,,,,
239,Hoothoot,Normal,Flying,x,,,//,,,,,,
240,Noctowl,Normal,Flying,//,x,,//,,,,,,
241,Ledyba,Bug,Flying,x,,,//,,,,,,
242,Ledian,Bug,Flying,//,,,//,,,,,,
243,Spinarak,Bug,Poison,x,,,//,,,,,,
244,Ariados,Bug,Poison,//,,,//,,,,,,
245,Chinchou,Water,Electric,,x,,//,,,,,,
246,Lanturn,,,//,,,,,,,,,
247,Togepi,Fairy,,x,,,//,,,,,,
248,Togetic,Fairy,Flying,//,,,//,,,,,,
249,Togekiss,Fairy,Flying,//,,,//,,,,,,
250,Natu,Psychic,Flying,x,,,//,,,,,,
251,Xatu,Psychic,Flying,//,,,//,,,,,,
252,Mareep,Electric,,x,,,//,,,,,,
253,Flaafy,,,//,,,,,,,,,
254,Ampharos,Electric,,//,,x,//,,,,,,
255,Mega Ampharos,,,//,,,//,,,,,,
256,Azurill,Normal,Fairy,,,,//,,,,,,
257,Marill,Water,Fairy,x,,,//,,,,,,
258,Azumarill,Water,Fairy,//,,x,//,,,,,,
259,Bonsly,Rock,,x,,,//,,,,,,
260,Sudowoodo,Rock,,x,,,//,,,,,,
261,Hoppip,Grass,Flying,x,,,//,,,,,,
262,Skiploom,Grass,Flying,//,,,//,,,,,,
263,Jumpluff,Grass,Flying,//,,x,//,,,,,,
264,Mega Jumpluff,,,//,,,//,,,,,,
265,Aipom,Normal,,x,,,//,,,,,,
266,Ambipom,Normal,,//,x,,//,,,,,,
267,Sunkern,Grass,,x,,,//,,,,,,
268,Sunflora,Grass,,//,x,,//,,,,,,
269,Yanma,Bug,Flying,x,,,//,,,,,,
270,Yanmega,Bug,Flying,//,,,//,,,,,,
271,Wooper,Water,Ground,x,,,//,,,,,,
272,Quagsire,Water,Ground,//,x,,//,,,,,,
273,Murkrow,Dark,Flying,x,,,//,,,,,,
274,Honchkrow,Dark,Flying,//,,,//,,,,,,
275,Misdreavus,Ghost,,x,,,//,,,,,,
276,Mismagius,Ghost,,//,,,//,,,,,,
277,Unown !,,,,//,//,,,,,,,
278,Unown ?,Psychic,,,//,//,,,,,,,
279,Unown A,Psychic,,,//,//,,,,,,,
280,Unown B,,,,//,//,,,,,,,
281,Unown C,Psychic,,,//,//,,,,,,,
282,Unown D,,,,//,//,,,,,,,
283,Unown E,,,,//,//,,,,,,,
284,Unown F,,,,//,//,,,,,,,
285,Unown G,,,,//,//,,,,,,,
286,Unown H,Psychic,,,//,//,,,,,,,
287,Unown I,Psychic,,,//,//,,,,,,,
288,Unown J,Psychic,,x,//,//,,,,,,,
289,Unown K,Psychic,,,//,//,,,,,,,
290,Unown L,Psychic,,x,//,//,,,,,,,
291,Unown M,,,,//,//,,,,,,,
292,Unown N,Psychic,,x,//,//,,,,,,,
293,Unown O,,,,//,//,,,,,,,
294,Unown P,Psychic,,,//,//,,,,,,,
295,Unown Q,Psychic,,,//,//,,,,,,,
296,Unown R,,,,//,//,,,,,,,
297,Unown S,,,,//,//,,,,,,,
298,Unown T,,,,//,//,,,,,,,
299,Unown U,Psychic,,x,//,//,,,,,,,
300,Unown V,,,,//,//,,,,,,,
301,Unown W,,,,//,//,,,,,,,
302,Unown X,,,,//,//,,,,,,,
303,Unown Y,Psychic,,,//,//,,,,,,,
304,Unown Z,,,,//,//,,,,,,,
305,Girafarig,Normal,Psychic,x,,x,//,,,,,,
306,Mega Girafarig,,,//,,,//,,,,,,
307,Pineco,Bug,,x,x,,//,,,,,,
308,Forretress,,,//,,,,,,,,,
309,Dunsparce,Normal,,x,,x,//,,,,,,
310,Mega Dunsparce,,,//,,,//,,,,,,
311,Gligar,Ground,Flying,x,,,//,,,,,,
312,Gliscor,Ground,Flying,//,,,//,,,,,,
313,Snubbull,Fairy,,x,x,,//,,,,,,
314,Ganbull,Fairy,,//,,,//,,,,,,
315,Qwilfish,Water,Poison,,,x,//,,,,,,
316,Shuckle,Bug,Rock,x,,,//,,,,,,
317,Heracross,Bug,Fighting,x,,,//,,,,,,
318,Mega Heracross,,,//,,,//,,,,,,
319,Sneasel,Dark,Ice,x,,,//,,,,,,
320,Weavile,Dark,Ice,//,,,//,,,,,,
321,Mega Weavile,,,//,,,//,,,,,,
322,Teddiursa,Normal,,x,,x,//,,,,,,
323,Ursaring,,,//,,,,,,,,,
324,Slugma,Fire,,x,,x,//,,,,,,
325,Magcargo,,,//,,,,,,,,,
326,Swinub,Ice,Ground,x,,x,//,,,,,,
327,Piloswine,Ice,Ground,//,,,//,,,,,,
328,Mamoswine,,,//,,,,,,,,,
329,Corsola,,,,,,,,,,,,
330,Remoraid,,,,,,,,,,,,
331,Octillery,,,//,,,,,,,,,
332,Delibird,Ice,Flying,x,,x,//,,,,,,
333,Skarmory,Steel,Flying,x,,,//,,,,,,
334,Mega Skarmory,,,//,,,//,,,,,,
335,Houndour,Dark,Fire,x,,,//,,,,,,
336,Houndoom,,,//,,,,,,,,,
337,Mega Houndoom,,,//,,,,,,,,,
338,Phanpy,Ground,,x,,,//,,,,,,
339,Donphan,,,//,,,,,,,,,
340,Totem Donphan,,,//,,,,,,,,,
341,Stantler,Normal,,x,,x,//,,,,,,
342,Smeargle,Normal,,x,x,,//,,,,,,
343,Tyrongue,Fighting,,x,x,//,//,,,,,,
344,Hitmonlee,Fighting,,//,x,//,//,,,,,,
345,Hitmonchan,Fighting,,//,x,//,//,,,,,,
34,Hitmontop,,,//,,,,,,,,,
347,Elekid,Electric,,x,x,,//,,,,,,
348,Electabuzz,,,//,,,,,,,,,
349,Electivire,,,//,,,,,,,,,
350,Magby,Fire,,x,,,//,,,,,,
351,Magmar,Fire,,//,,,//,,,,,,
352,Magmortar,Fire,,//,,x,//,,,,,,
353,Miltank,Normal,,x,//,x,//,,,,,,
354,Raikou,,,,,,,,,,,,
355,Entei,,,,,,,,,,,,
356,Suicune,,,,,,,,,,,,
357,Larvitar,Rock,Ground,x,,,//,,,,,,
358,Pupitar,,,//,,,,,,,,,
359,Tyranitar,Rock,Dark,//,,,//,,,,,,
360,Mega Tyranitar,,,//,,,//,,,,,,
361,Lugia,Psychic,Flying,x,,,//,,,,,,
362,Mega Lugia,,,//,,,//,,,,,,
363,Ho-oh,,,,,,,,,,,,
364,Mega Ho-oh,,,//,,,,,,,,,
365,Celebi,,,,,,,,,,,,
366,Mega Celebi,,,//,,,,,,,,,
367,Treecko,Grass,,x,,,//,,,,,,
368,Govyle,Grass,,//,,,//,,,,,,
369,Sceptile,Grass,,//,,x,//,,,,,,
370,Mega Septile,,,//,,,//,,,,,,
371,Torchic,Fire,,x,,,//,,,,,,
372,Combusken,,,//,,,,,,,,,
373,Blaziken,Fire,Fighting,//,x,,//,,,,,,
374,Mega Blaziken,,,//,,,//,,,,,,
375,Mudkip,Water,,x,,,//,,,,,,
376,Marshtomp,Water,Ground,//,,,//,,,,,,
377,Swampert,Water,Ground,//,x,,//,,,,,,
378,Mega Swampert,,,//,,,//,,,,,,
379,Poochyena,Dark,,x,,,//,,,,,,
380,Mightyena,Dark,,//,,,//,,,,,,
381,Mega Mightyena,,,//,,,//,,,,,,
382,Zigzagoon,Normal,,x,,,//,,,,,,
383,Linoone,Normal,,//,,x,//,,,,,,
384,Wurmple,Bug,,x,,,//,,,,,,
385,Silcoon,Bug,,//,,,//,,,,,,
386,Beautifly,Bug,Flying,//,,,//,,,,,,
387,Cascoon,Bug,,//,,,//,,,,,,
388,Dustox,Bug,Poison,//,,,//,,,,,,
389,Lotad,Water,Grass,x,,,//,,,,,,
390,Lombre,Water,Grass,//,,,//,,,,,,
391,Ludicolo,Water,Grass,//,x,,//,,,,,,
392,Seedot,Grass,,x,,,//,,,,,,
393,Nuzleaf,Grass,Dark,//,x,,//,,,,,,
394,Shiftry,Grass,Dark,//,,,//,,,,,,
395,Taillow,Normal,Flying,x,,,//,,,,,,
396,Swellow,Normal,Flying,//,,x,//,,,,,,
397,Wingull,Water,Flying,x,,,//,,,,,,
398,Pelipper,Water,Flying,//,x,,//,,,,,,
399,Ralts,Psychic,Fairy,x,,,//,,,,,,
400,Kirlia,Psychic,Fairy,//,,,//,,,,,,
401,Gardevoir,Psychic,Fairy,//,,,//,,,,,,
402,Mega Gardevoir,,,//,,,//,,,,,,
403,Gallade,Psychic,Fighting,//,,//,//,,,,,,
404,Mega Gallade,,,//,,//,//,,,,,,
405,Surskit,Bug,Water,x,,,//,,,,,,
406,Masquerain,Bug,Flying,//,,,//,,,,,,
407,Shroomish,Grass,,x,,,//,,,,,,
408,Breloom,Grass,Fighting,//,,x,//,,,,,,
409,Mega Breloom,,,//,,,//,,,,,,
410,Slakoth,Normal,,x,,,//,,,,,,
411,Vigoroth,Normal,,//,,x,//,,,,,,
412,Slaking,,,//,,,,,,,,,
413,Nincada,Bug,Ground,x,,,//,,,,,,
414,Ninjask,Bug,Flying,//,,,//,,,,,,
415,Shedinja,Bug,Ghost,//,//,//,,,,,,,
416,Whismur,Normal,,x,,x,//,,,,,,
417,Loudred,Normal,,//,,,//,,,,,,
418,Exploud,,,//,,,,,,,,,
419,Makuhita,Fighting,,x,x,,//,,,,,,
420,Hariyama,,,//,,,,,,,,,
421,Nosepass,Rock,,,,,//,,,,,,
422,Probopass,Rock,Steel,//,,,//,,,,,,
423,Skitty,Normal,,x,x,,//,,,,,,
424,Delcatty,Normal,,//,,,//,,,,,,
425,Sableye,Dark,Ghost,x,,,//,,,,,,
426,Mega Sableye,,,//,,,//,,,,,,
427,Mawile,Steel,Fairy,x,,,//,,,,,,
428,Mega Mawile,,,//,,,//,,,,,,
429,Aron,Steel,Rock,x,,,//,,,,,,
430,Lairon,,,//,,,,,,,,,
431,Aggron,,,//,,,//,,,,,,
432,Mega Aggron,,,//,,,//,,,,,,
433,Meditite,Fighting,Psychic,x,x,,//,,,,,,
434,Medicham,Fighting,Psychic,//,,,//,,,,,,
435,Mega Medicham,,,//,,,//,,,,,,
436,Electrike,Electric,,x,x,,//,,,,,,
437,Manectric,,,//,,,,,,,,,
438,Mega Manectric,,,//,,,,,,,,,
439,Mega Q Manectric,,,//,,,,,,,,,
440,Plusle,Electric,,x,,x,//,,,,,,
441,Minun,Electric,,x,x,,//,,,,,,
442,Volbeat,Bug,,x,,//,//,,,,,,
443,Illumise,Bug,,x,//,,//,,,,,,
444,Gulpin,Poison,,x,,,//,,,,,,
445,Swalot,Poison,,//,,,//,,,,,,
446,Carvanha,Water,Dark,x,,,//,,,,,,
447,Sharpedo,Water,Dark,//,x,,//,,,,,,
448,Mega Sharpedo,,,//,,,//,,,,,,
449,Wailmer,Water,,,,,//,,,,,,
450,Wailord,Water,,//,x,,//,,,,,,
451,Mega Wailord,,,//,,,//,,,,,,
452,Numel,Fire,Ground,x,,x,//,,,,,,
453,Camerupt,,,//,,,,,,,,,
454,Mega Camerupt,,,//,,,,,,,,,
455,Torkoal,Fire,,x,,x,//,,,,,,
456,Spoink,Psychic,,x,,,//,,,,,,
457,Grumpig,,,//,,,,,,,,,
458,Trapinch,Ground,,x,,,//,,,,,,
459,Vibrava,Ground,Dragon,//,,,//,,,,,,
460,Flygon,Ground,Dragon,//,,,//,,,,,,
461,Mega Flygon,,,//,,,//,,,,,,
462,Cacnea,Grass,,x,x,,//,,,,,,
463,Cacturne,Grass,Dark,//,,,//,,,,,,
464,Swablu,Normal,Flying,x,,x,//,,,,,,
465,Altaria,,,//,,,,,,,,,
466,Mega Altaria,,,//,,,,,,,,,
467,Zangoose,Normal,,x,x,,//,,,,,,
468,Mega Zangoose,,,//,,,//,,,,,,
469,Seviper,Poison,,x,,,//,,,,,,
470,Mega Seviper,,,//,,,//,,,,,,
471,Lunatone,Rock,Psychic,x,//,//,,,,,,,
472,Solrock,Rock,Psychic,x,//,//,,,,,,,
473,Barboach,Water,Ground,x,,,//,,,,,,
474,Whiscash,Water,Ground,//,,x,//,,,,,,
475,Totem Whiscash,,,//,,,//,,,,,,
476,Corphish,Water,,,x,,//,,,,,,
477,Crawdaunt,,,//,,,,,,,,,
478,Baltoy,Ground,Psychic,x,//,//,,,,,,,
479,Claydol,Ground,Psychic,//,//,//,,,,,,,
480,Lileep,Rock,Grass,,x,,//,,,,,,
481,Cradily,Rock,Grass,//,,,//,,,,,,
482,Anorith,Rock,Bug,x,,,//,,,,,,
483,Armaldo,,,//,,,,,,,,,
484,Feebas,Water,,,,,//,,,,,,
485,Milotic,Water,,//,,,//,,,,,,
486,Mega Milotic,,,//,,,//,,,,,,
487,Castform,Normal,,x,x,,//,,,,,,
488,Rain Castform,,,//,,,//,,,,,,
489,Sun Castform,,,//,,,//,,,,,,
490,Snow Castform,,,//,,,//,,,,,,
491,Kecleon,Normal,,x,,x,//,,,,,,
492,Shuppet,Ghost,,x,,,//,,,,,,
493,Banette,Ghost,,//,,,//,,,,,,
494,Mega Banette,,,//,,,//,,,,,,
495,Duskull,Ghost,,x,,,//,,,,,,
496,Dusclops,Ghost,,//,,,//,,,,,,
497,Dusknoir,Ghost,,//,,,//,,,,,,
498,Tropius,Grass,Flying,x,,x,//,,,,,,
499,Chingling,,,,,,,,,,,,
500,Chimecho,Psychic,,x,,,//,,,,,,
501,Absol,Dark,,x,,,//,,,,,,
502,Mega Absol,,,//,,,//,,,,,,
503,Wynaut,Psychic,,x,,,//,,,,,,
504,Wobbuffet,Psychic,,x,,,//,,,,,,
505,Snorunt,Ice,,x,,,//,,,,,,
506,Glalie,,,//,,,//,,,,,,
507,Mega Glalie,,,//,,,//,,,,,,
508,Froslass,Ice,Ghost,//,//,x,//,,,,,,
509,Mega Froslass,,,//,//,,//,,,,,,
510,Spheal,Ice,Water,x,,x,//,,,,,,
511,Sealeo,,,//,,,,,,,,,
512,Walrein,,,//,,,,,,,,,
513,Clamperl,Water,,,,,//,,,,,,
514,Huntail,Water,,//,x,,//,,,,,,
515,Gorebyss,Water,,//,,x,//,,,,,,
516,Relicanth,Water,Rock,x,x,,//,,,,,,
517,Luvdisc,Water,,,x,,//,,,,,,
518,Bagon,Dragon,,x,,,//,,,,,,
519,Shelgon,,,//,,,,,,,,,
520,Salamence,,,//,,,,,,,,,
521,Mega Salamence,,,//,,,,,,,,,
522,Beldum,Steel,Psychic,x,//,//,,,,,,,
523,Metang,Steel,Psychic,//,//,//,x,,,,,,
524,Metagross,,,//,,,,,,,,,
525,Mega Metagross,,,//,,,,,,,,,
526,Regirock,,,,,,,,,,,,
527,Regice,,,,,,,,,,,,
528,Registeel,,,,,,,,,,,,
529,Latias,Dragon,Psychic,,//,,//,,,,,,
530,Mega Latias,,,//,//,,//,,,,,,
531,Latios,,,,,,,,,,,,
532,Mega Latios,,,//,,,,,,,,,
533,Kyogre,,,,,,,,,,,,
534,Primal Kyogre,,,//,,,,,,,,,
535,Groudon,,,,,,,,,,,,
536,Primal Groudon,,,//,,,,,,,,,
537,Rayquaza,,,,,,,,,,,,
538,Mega Rayquaza,,,//,,,,,,,,,
539,Jirachi,,,,,,,,,,,,
540,Mega Jirachi,,,//,,,,,,,,,
541,Deoxys,,,,,,,,,,,,
542,Attack Deoxys,,,//,,,,,,,,,
543,Defense Deoxys,,,//,,,,,,,,,
544,Speed Deoxys,,,//,,,,,,,,,
545,Turtwig,Grass,,x,,,,,,,,,
546,Grtotle,,,//,,,,,,,,,
547,Torterra,Grass,Ground,//,x,,,,,,,,
548,Chimchar,Fire,,,,,,,,,,,
549,Monferno,Fire,Fighting,//,x,,,,,,,,
550,Infernape,,,//,,,,,,,,,
551,Piplup,Water,,,x,,,,,,,,
552,Prinplup,Water,,//,,,,,,,,,
553,Empoleon,,,//,,,,,,,,,
554,Starly,Normal,Flying,x,,,,,,,,,
555,Staravia,Normal,Flying,//,,,,,,,,,
556,Staraptor,Normal,Flying,//,x,,,,,,,,
557,Bidoof,Normal,,x,,,,,,,,,
558,Bibarel,Normal,Water,//,,,,,,,,,
559,Kricketot,Bug,,x,,,,,,,,,
560,Kicketune,Bug,,//,,,,,,,,,
561,Shinx,Electric,,x,,,,,x,,,,
562,Luxio,Electric,,//,,x,,,,,,,
563,Luxray,Electric,,//,,,,,,,,,
564,Mega Luxray,,,//,,,,,,,,,
565,Budew,Grass,Poison,x,,,,,,,,,
566,Roselia,Grass,Poison,x,x,,,,,,,,
567,Roserade,,,//,,,,,,,,,
568,Cranidos,Rock,,x,,,,,,,,,
569,Rampardos,,,//,,,,,,,,,
570,Shieldon,Rock,Steel,x,,,,,,,,,
571,Bastiodon,Rock,Steel,//,,,,,,,,,
572,Plant Burmy,Bug,,x,,,,,,,,,
573,Trash Burmy,,,//,,,,,,,,,
574,Sandy Burmy,,,//,,,,,,,,,
575,Plant Wormadam,Bug,Grass,//,,,,,,,,,
576,Trash Wormadam,,,//,,,,,,,,,
577,Sand Wormadam,,,//,,,,,,,,,
578,Mothim,,,//,,,,,,,,,
579,Combee,Bug,Flying,x,,,,,,,,,
580,Vespiquen,Bug,Flying,//,,,,,,,,,
581,Pachirisu,Electric,,x,x,,,,,,,,
582,Buizel,Water,,x,,x,,,,,,,
583,Floatzel,Water,,//,,,,,,,,,
584,Mega Floatzel,,,//,,,,,,,,,
585,Cherubi,Grass,,x,,x,,,,,,,
586,Cherrim,Grass,,//,,,,,,,,,
587,Sunny Cherrim,,,//,,,,,,,,,
588,Occident Shellos,Water,,x,x,,,,,,,,
589,Orient Shellos,Water,,//,,x,,,,,,,
590,Occident Gastrodon,,,//,,,,,,,,,
591,Orient Gastrodon,,,//,,,,,,,,,
592,Drifloon,Ghost,Flying,x,,,,,,,,,
593,Drifblim,Ghost,Flying,//,,,,,,,,,
594,Buneary,Normal,,x,,,,,,,,,
595,Lopunny,Normal,,//,,x,,,,,,,
596,Mega Lopunny,,,//,,,,,,,,,
597,Glameow,Normal,,x,,x,,,,,,,
598,Purugly,Normal,,//,,,,,,,,,
599,Stunky,Poison,Dark,x,,,,,,,,,
600,Skuntank,,,//,,,,,,,,,
601,Bronzor,Steel,Psychic,x,,,,,,,,,
602,Bronzong,Steel,Psychic,//,,,,,,,,,
603,Happiny,,,,,,,,,,,,
604,Chansey,Normal,,x,,,,,,,,,
605,Blissey,Normal,,//,,x,,,,,,,
606,Chatot,Normal,Flying,x,,x,,,,,,,
607,Spiritomb,Ghost,Dark,x,,,,,,,,,
608,Gible,Dragon,Ground,x,,,,,,,,,
609,Gabite,Dragon,Ground,//,,,,,,,,,
610,Garchomp,,,//,,,,,,,,,
611,Mega Garchomp,,,//,,,,,,,,,
612,Riolu,Fighting,,x,,,,,,,,,
613,Lucario,Fighting,Steel,//,x,,,,,,,,
614,Mega Lucario,,,//,,,,,,,,,
615,Hippopotas,Ground,,x,,,,,,,,,
616,Hippowdon,,,//,,,,,,,,,
617,Skorupi,Poison,Bug,x,,,,,,,,,
618,Drapion,,,//,,,,,,,,,
619,Croagunk,Poison,Fighting,x,,,,,,,,,
620,Toxicroak,,,//,,,,,,,,,
621,Carnivine,Grass,,x,,x,,,,,,,
622,Finneon,Water,,x,,x,,,,,,,
623,Lumineon,,,//,,,,,,,,,
624,Mantyke,Water,Flying,,,x,,,,,,,
625,Mantine,,,,,,,,,,,,
626,Snover,Ice,Grass,x,x,,,,,,,,
627,Abomasnow,,,//,,,,,,,,,
628,Mega Abomasnow,,,//,,,,,,,,,
629,Porygon,Normal,,x,,,,,,,,,
630,Porygon2,Normal,,//,,,,,,,,,
631,Porygon-Z,Normal,,//,,,x,,,,,,
632,Rotom,Electric,Ghost,x,,,,,,,,,
633,Fan Rotom,Electric,Flying,//,,,x,,,,,,
634,Freeze Rotom,,,//,,,,,,,,,
635,Heat Rotom,,,//,,,,,,,,,
636,Mow Rotom,,,//,,,,,,,,,
637,Wash Rotom,,,//,,,,,,,,,
638,Uxie,,,,,,,,,,,,
639,Mesprit,,,,,,,,,,,,
640,Azelf,Psychic,,,,,,,,,,,
641,Dialga,,,,,,,,,,,,
642,Primal Dialga,,,//,,,,,,,,,
643,Palkia,,,,,,,,,,,,
644,Primal Palkia,,,//,,,,,,,,,
645,Heatran,,,,,,,,,,,,
646,Regigigas,,,,,,,,,,,,
647,Giratina,,,,,,,,,,,,
648,Mega Giratina,,,//,,,,,,,,,
649,Origin Giratina,,,//,,,,,,,,,
650,Cresselia,,,,,,,,,,,,
651,Phione,Water,,x,,x,,,,,,,
652,Manaphy,,,,,,,,,,,,
653,Darkrai,,,,,,,,,,,,
654,Shaymin,Grass,,x,,,,,,,,,
655,Sky Shaymin,,,//,,,,,,,,,
656,Arceus,,,,,,,,,,,,
657,Bug Arceus,,,//,,,,,,,,,
658,Dark Arceus,,,//,,,,,,,,,
659,Dragon Arceus,,,//,,,,,,,,,
660,Electric Arceus,,,//,,,,,,,,,
661,Fighting Arceus,,,//,,,,,,,,,
662,Fire Arceus,,,//,,,,,,,,,
663,Flying Arceus,,,//,,,,,,,,,
664,Ghost Arceus,,,//,,,,,,,,,
665,Grass Arceus,,,//,,,,,,,,,
666,Ground Arceus,,,//,,,,,,,,,
667,Ice Arceus,,,//,,,,,,,,,
668,Poison Arceus,,,//,,,,,,,,,
669,Psychic Arceus,,,//,,,,,,,,,
670,Rock Arceus,,,//,,,,,,,,,
671,Steel Arceus,,,//,,,,,,,,,
672,Water Arceus,,,//,,,,,,,,,
673,Fairy Arceus,,,//,,,,,,,,,
674,Victini,,,,,,,,,,,,
675,Snivy,Grass,,x,x,,,,,,,,
676,Servine,Grass,,//,,,,,,,,,
677,Serperior,,,//,,,,,,,,,
678,Tepig,Fire,,x,,,,,,,,,
679,Pignite,Fire,Fighting,//,x,,,,,,,,
680,Emboar,Fire,Fighting,//,,,,,,,,,
681,Oshawott,Water,,x,,,,,,,,,
682,Dewott,Water,,//,x,,,,,,,,
683,Samurott,,,//,,,,,,,,,
684,Patrat,Normal,,x,,,,,,,,,
685,Watchdog,Normal,,//,x,,,,,,,,
686,Lillipup,Normal,,x,,,,,,,,,
687,Herdier,Normal,,//,,,,,,,,,
688,Stoutland,Normal,,//,,x,,,,,,,
689,Purrloin,Dark,,,,,,,,,,,
690,Liepard,Dark,,//,,,,,,,,,
691,Mega Liepard,,,//,,,,,,,,,
692,Pansgae,Grass,,x,,x,,,,,,,
693,Simisage,Grass,,//,,,,,,,,,
694,Pansear,Fire,,x,x,,,,,,,,
695,Simisear,Fire,,//,,,,,,,,,
696,Panpour,Water,,x,x,,,,,,,,
697,Simipour,Water,,//,,,,,,,,,
698,Munna,Psychic,,x,,,,,,,,,
699,Musharna,Psychic,,//,,,,,,,,,
700,Pidove,Normal,Flying,x,,x,,,,,,,
701,Tranquill,Normal,Flying,//,,,,,,,,,
702,Unfezant,Normal,Flying,//,,,,,,,,,
703,Blitzle,Electric,,x,,x,,,,,,,
704,Zebstrika,Electric,,//,,,,,,,,,
705,Roggenrola,Rock,,x,,,,,,,,,
706,Boldore,Rock,,//,,,,,,,,,
707,Gigalith,Rock,,//,,,,,,,,,
708,Woobat,Psychic,Flying,x,,,,,,,,,
709,Swoobat,Psychic,Flying,//,,,,,,,,,
710,Drilbur,Ground,,x,,,,,,,,,
711,Excadrill,Ground,Steel,//,,,,,,,,,
712,Audino,Normal,,x,,x,,,,,,,
713,Mega Audino,,,//,,,,,,,,,
714,Timburr,Fighting,,x,x,,,,,,,,
715,Gurdurr,,,//,,,,,,,,,
716,Conkeldurr,Fighting,,//,,,,,,,,,
717,Tympole,,,,,,,,,,,,
718,Palpitoad,,,//,,,,,,,,,
719,Seismitoad,,,//,,,,,,,,,
720,Throh,Fighting,,x,x,,,,,,,,
721,Sawk,Fighting,,x,x,,,,,,,,
722,Sewaddle,Bug,Grass,x,,,,,,,,,
723,Swadloon,,,//,,,,,,,,,
724,Leavanny,,,//,,,,,,,,,
725,Venipede,Bug,Poison,x,,,,,,,,,
726,Whirlipede,,,//,,,,,,,,,
727,Scolipede,,,//,,,,,,,,,
728,Mega Scolipede,,,//,,,,,,,,,
729,Cottonee,Grass,Fairy,x,,,,,,,,,
730,Whimsicott,Grass,Fairy,//,x,,,,,,,,
731,Petilil,Grass,,x,,,,,,,,,
732,Lilligant,,,//,,,,,,,,,
733,Red Basculin,Water,,x,,,,,,,,,
734,Blue Basculin,Water,,//,,x,,,,,,,
735,Sandile,Ground,Dark,x,,,,,,,,,
736,Krokorok,,,//,,,,,,,,,
737,Krookodile,,,//,,,,,,,,,
738,Darumaka,Fire,,x,x,,,,,,,,
739,Darmanitan,Fire,,//,,,,,,,,,
740,Zen Darmanitian,,,//,,,,,,,,,
741,Maractus,Grass,,x,,x,,,,,,,
742,Dwebble,Bug,Rock,x,,,,,,,,,
743,Crustle,,,//,,,,,,,,,
744,Scraggy,Dark,Fighting,x,,,,,,,,,
745,Scrafty,,,//,,,,,,,,,
746,Mega Scrafty,,,//,,,,,,,,,
747,Sigilyph,Psychic,Flying,x,,,,,,,,,
748,Yamask,Ghost,,x,,,,,,,,,
749,Cofagrigus,,,//,,,,,,,,,
750,Tirtouga,Water,Rock,x,x,,,,,,,,
751,Carracosta,,,//,,,,,,,,,
752,Archen,Rock,Flying,,,,,,,,,,
753,Archeops,,,//,,,,,,,,,
754,Trubbish,Poison,,x,,,,,,,,,
755,Garbodor,,,//,,,,,,,,,
756,Zorua,Dark,,x,,,,,,,,,
757,Zoroark,,,//,,,,,,,,,
758,Mega Zoroark,,,//,,,,,,,,,
759,Minccino,Normal,,x,,,,,,,,,
760,Cinccino,Normal,,//,,x,,,,,,,
761,Gothlita,Psychic,,x,,,,,,,,,
762,Gothorita,,,//,,,,,,,,,
763,Gothitelle,,,//,,,,,,,,,
764,Solosis,Psychic,,x,,,,,,,,,
765,Duosion,,,//,,,,,,,,,
766,Reuniclus,Psychic,,//,,,,,,,,,
767,Ducklett,Water,Flying,x,x,,,,,,,,
768,Swanna,,,//,,,,,,,,,
769,Vanillite,Ice,,x,,x,,,,,,,
770,Vanillish,,,//,,,,,,,,,
771,Vanilluxe,,,//,,,,,,,,,
772,Emolga,Electric,Flying,x,x,,,,,,,,
773,Karrablast,Bug,,x,,,,,,,,,
774,Escavalier,Bug,Steel,//,,,,,,,,,
775,Foongus,Grass,Poison,x,,x,,,,,,,
776,Amoonguss,,,//,,,,,,,,,
777,Frillish,Water,Ghost,,,x,,,,,,,
778,Jellicent,,,//,,,,,,,,,
779,Alomomola,Water,,,,x,,,,,,,
780,Joltik,Bug,Electric,x,,,,,,,,,
781,Galvantula,Bug,Electric,//,,,,,,,,,
782,Ferroseed,Grass,Steel,x,,,,,,,,,
783,Ferrothorn,Grass,Steel,//,,x,,,,,,,
784,Klink,Steel,,x,,,,,,,,,
785,Klang,,,//,,,,,,,,,
786,Klingklang,,,//,,,,,,,,,
787,Tynamo,Electric,,x,,x,,,,,,,
788,Eelektrik,,,//,,,,,,,,,
789,Eelektross,,,//,,,,,,,,,
790,Elgyem,Psychic,,x,,,,,,,,,
791,Beheeyem,,,//,,,,,,,,,
792,Litwick,Ghost,Fire,x,,,,,,,,,
793,Lampent,,,//,,,,,,,,,
794,Chandelure,,,//,,,,,,,,,
795,Axew,Dragon,,x,,,,,,,,,
796,Fraxure,,,//,,,,,,,,,
797,Haxorus,Dragon,,//,,,,,,,,,
798,Mega Haxorus,,,//,,,,,,,,,
799,Cubchoo,Ice,,x,,x,,,,,,,
800,Beartic,,,//,,,,,,,,,
801,Cryogonal,Ice,,x,,,x,,,,,,
802,Shelmet,Bug,,x,,,,,,,,,
803,Accelgor,Bug,,//,,,,,,,,,
804,Stunfisk,Ground,Electric,x,,,,,,,,,
805,Mienfoo,Fighting,,x,x,,,,,,,,
806,Mienshao,,,//,,,,,,,,,
807,Druddigon,Dragon,,x,,,,,,,,,
808,Mega Druddigon,,,//,,,,,,,,,
809,Golett,Ground,Ghost,x,,,,,,,,,
810,Golurk,,,//,,,,,,,,,
811,Pawniard,Dark,Steel,x,,,,,,,,,
812,Bisharp,,,//,,,,,,,,,
813,Bouffalant,Normal,,x,x,,,,,,,,
814,Rufflet,Normal,Flying,x,x,,,,,,,,
815,Braviary,,,//,,,,,,,,,
816,Totem Braviary,,,//,,,,,,,,,
817,Vullaby,Dark,Flying,x,,,,,,,,,
818,Mandibuzz,,,//,,,,,,,,,
819,Heatmor,Fire,,x,,x,,,,,,,
820,Durant,Bug,Steel,x,,,,,,,,,
821,Deino,Dark,Dragon,x,,,,,,,,,
822,Zweilous,,,//,,,,,,,,,
823,Hydreigon,,,//,,,,,,,,,
824,Larvesta,Bug,Fire,x,,,,,,,,,
825,Volcarona,,,//,,,,,,,,,
826,Cobalion,,,,,,,,,,,,
827,Terrakion,,,,,,,,,,,,
828,Virizion,,,,,,,,,,,,
829,Tornadus,,,,,,,,,,,,
830,Therian Tornadus,,,//,,,,,,,,,
831,Thundurus,,,,,,,,,,,,
832,Therian Thundurus,,,//,,,,,,,,,
833,Reshiram,,,,,,,,,,,,
834,Zekrom,,,,,,,,,,,,
835,Landorus,,,,,,,,,,,,
836,Therian Landorus,,,//,,,,,,,,,
837,Kyurem,,,,,,,,,,,,
838,Reshiram Kyurem,,,//,,,,,,,,,
839,Zekrom Kyurem,,,//,,,,,,,,,
840,Keldeo,,,,,,,,,,,,
841,Resolute Keldeo,,,//,,,,,,,,,
842,Meloetta,,,,,,,,,,,,
843,Pirouette Meloetta,,,//,,,,,,,,,
844,Genesect,,,,,,,,,,,,
845,Douse Genesect,,,//,,,,,,,,,
846,Burn Genesect,,,//,,,,,,,,,
847,Chill Genesect,,,//,,,,,,,,,
848,Shock Genesect,,,//,,,,,,,,,
849,Chespin,Grass,,x,x,,,,,,,,
850,Quilladin,,,//,,,,,,,,,
851,Chesnaught,,,//,,,,,,,,,
852,Fennekin,Fire,,x,,,,,,,,,
853,Braixen,Fire,,//,,x,,,,,,,
854,Delphox,Fire,Psychic,//,,,,,,,,,
855,Froakie,Water,,x,x,,,,,,,,
856,Frogadier,Water,,//,,,,,,,,,
857,Greninja,,,//,,,,,,,,,
858,Bunnelby,Normal,,x,,x,,,,,,,
859,Diggersby,Normal,Ground,//,,,,,,,,,
860,Fletchling,Normal,Flying,x,,,,,,,,,
861,Fletchinder,Fire,Flying,//,,,,,,,,,
862,Talonflame,Fire,Flying,//,x,,,,,,,,
863,Scatterbug,Bug,,x,,,,,,,,,
864,Spewpa,Bug,,//,,,,,,,,,
865,Litleo,Fire,Normal,x,,x,,,,,,,
866,Pyroar,,,//,,,,,,,,,
867,Mega Pyroar,,,//,,,,,,,,,
868,Skiddo,Grass,,x,x,,,,,,,,
869,Gogoat,Grass,,//,,,,,,,,,
870,Mega Gogoat,,,//,,,,,,,,,
871,Pancham,Fighting,,x,,,,,,,,,
872,Pangoro,Fighting,Dark,//,,,,,,,,,
873,Espurr,Psychic,,x,,,,,,,,,
874,Male Meowstic,Psychic,,//,,,,,,,,,
875,Female Meowstic,Psychic,,//,,,,,,,,,
876,Honedge,Steel,Ghost,x,,,,,,,,,
877,Doublade,Steel,Ghost,//,,,,,,,,,
878,Bade Aegislash,Steel,Ghost,//,,,,,,,,,
879,Shield Aegislash,,,//,,,,,,,,,
880,Spritzee,Fairy,,x,,,,,,,,,
881,Aromatisse,Fairy,,//,,,,,,,,,
882,Swirlix,Fairy,,x,,,,,,,,,
883,Slurpuff,Fairy,,//,,,,,,,,,
884,Inkay,Dark,Psychic,x,,,,,,,,,
885,Malamar,,,//,,,,,,,,,
886,Binacle,Rock,Water,x,,,,,,,,,
887,Barbaracle,Rock,Water,//,,,,,,,,,
888,Skrelp,Poison,Water,x,,,,,,,,,
889,Dragalge,Poison,Dragon,//,,,,,,,,,
890,Clauncher,Water,,,,x,,,,,,,
891,Clawitzer,,,//,,,,,,,,,
892,Helioptile,Electric,Normal,x,,,,,,,,,
893,Heliolisk,Electric,Normal,//,x,,,,,,,,
894,Mega Heliolisk,,,//,,,,,,,,,
895,Tyrunt,Rock,Dragon,x,,,,,,,,,
896,Tyrantrum,Rock,Dragon,//,,,,,,,,,
897,Amaura,Rock,Ice,x,,,,,,,,,
898,Aurorus,Rock,Ice,//,,,,,,,,,
899,Hawlucha,Fighting,Flying,x,x,,,,,,,,
900,Mega Hawlucha,,,//,,,,,,,,,
901,Dedenne,Electric,Fairy,x,,x,,,,,,,
902,Carbink,Rock,Fairy,x,,,,,,,,,
903,Goomy,Dragon,,x,,,,,,,,,
904,Sliggo,,,//,,,,,,,,,
905,Goodra,,,//,,,,,,,,,
906,Klefki,Steel,Fairy,x,,,,,,,,,
907,Phantump,Ghost,Grass,x,,,,,,,,,
908,Trevenant,Ghost,Grass,//,,,,,,,,,
909,Small Pumpkaboo,Ghost,Grass,x,,,,,,,,,
910,Average Pumpkaboo,Ghost,Grass,//,,,,,,,,,
911,Large Pumpkaboo,Ghost,Grass,//,,,,,,,,,
912,Super Pumpkaboo,Ghost,Grass,//,,,,,,,,,
913,Small Gourgeist,Ghost,Grass,//,,,,,,,,,
914,Average Gourgeist,Ghost,Grass,//,,,,,,,,,
915,Large Gourgeist,Ghost,Grass,//,,,,,,,,,
916,Super Gourgeist,Ghost,Grass,//,,,,,,,,,
917,Bergmite,Ice,,x,x,,,,,,,,
918,Avalugg,,,//,,,,,,,,,
919,Noibat,Flying,Dragon,x,,,,,,,,,
920,Noivern,,,//,,,,,,,,,
921,Mega Noivern,,,//,,,,,,,,,
922,Xerneas,Fairy,,x,,,,,,,,,
923,Yveltal,Dark,Flying,x,,,,,,,,,
924,Core Zygarde,Dragon,Ground,x,,,,,,,,,
925,10% Zygarde,,,//,,,,,,,,,
926,50% Zygarde,,,//,,,,,,,,,
927,Complete Zygarde,,,//,,,,,,,,,
928,Diancie,Rock,Fairy,x,,,,,,,,,
929,Mega Diancie,,,//,,,,,,,,,
930,Hoopa,,,,,,,,,,,,
931,Unbound Hoopa,,,//,,,,,,,,,
932,Volcanion,,,,,,,,,,,,
933,Rowlet,Grass,Flying,x,,,,,,,,,
934,Dartrix,Grass,Flying,//,x,,,,,,,,
935,Decidueye,Grass,Ghost,//,,,,,,,,,
936,Litten,Fire,,x,,,,,,,,,
937,Torracat,Fire,,//,x,,,,,,,,
937,Incineroar,Fire,Dark,//,,,,,,,,,
939,Feral Incineroar,,,//,,,,,,,,,
940,Popplio,Water,,x,,,,,,,,,
941,Brionne,Water,,//,,x,,,,,,,
942,Primarina,Water,Fairy,//,,,,,,,,,
943,Pikipek,Normal,Flying,x,,x,,,,,,,
944,Trumbeak,,,//,,,,,,,,,
945,Toucannon,,,//,,,,,,,,,
946,Yungoos,Normal,,x,,,,,,,,,
947,Gumshoos,Normal,,//,x,,,,,,,,
948,Totem Gumshoos,,,//,,,,,,,,,
949,Grubbin,Bug,,x,,,,,,,,,
950,Charjabug,,,//,,,,,,,,,
951,Vikavolt,,,//,,,,,,,,,
952,Totem Vikavolt,,,//,,,,,,,,,
953,Crabrawler,Fighting,,x,,,,,,,,,
954,Crabominable,Fighting,Ice,//,,x,,,,,,,
955,Baile Oricorio,Fire,Flying,x,,x,,,,,,,
956,Pom-Pom Oricorio,Electric,Flying,//,,x,,,,,,,
957,Pa'u Oricorio,Psychic,Flying,//,,,,,,,,,
958,Sensu Oricorio,Ghost,Flying,//,,,,,,,,,
959,Cutiefly,Bug,Fairy,x,,,,,,,,,
960,Ribombee,,,//,,,,,,,,,
961,Totem Ribombee,,,//,,,,,,,,,
962,Rockruff,Rock,,x,,,,,,,,,
963,Midday Lycanroc,Rock,,//,,,,,,,,,
964,Midnight Lycanroc,Rock,,//,,,,,,,,,
965,Dusk Lycanroc,,,//,,,,,,,,,
966,Wishiwashi,Water,,,x,,,,,,,,
967,School Wishiwashi,,,//,,,,,,,,,
968,Totem Wishiwashi,,,//,,,,,,,,,
969,Mareanie,Poison,Water,x,,,,,,,,,
970,Toxapex,Poison,Water,//,,,,,,,,,
971,Mudbray,Ground,,x,,,,,,,,,
972,Mudsdale,Ground,,//,,,,,,,,,
973,Dewpider,Water,Bug,x,x,,,,,,,,
974,Araquanid,Water,Bug,//,,,,,,,,,
975,Totem Araquanid,,,//,,,,,,,,,
976,Fomantis,Grass,,x,,x,,,,,,,
977,Lurantis,,,//,,,,,,,,,
978,Totem Lurantis,,,//,,,,,,,,,
979,Morelull,Grass,Fairy,x,,,,,,,,,
980,Shiinotic,Grass,Fairy,//,,x,,,,,,,
981,Salandit,Poison,Fire,x,,,,,,,,,
982,Salazzle,,,//,,,,,,,,,
983,Totem Salazzle,,,//,,,,,,,,,
984,Stufful,Normal,Fighting,x,x,,,,,,,,
985,Bewear,Normal,Fighting,//,,,,,,,,,
986,Bounsweet,Grass,,x,,x,,,,,,,
987,Steenee,Grass,,//,,,,,,,,,
988,Tsareena,,,//,,,,,,,,,
989,Comfey,Fairy,,x,,,,,,,,,
990,Oranguru,Normal,Psychic,x,,x,,,,,,,
991,Passimian,Fighting,,x,,x,,,,,,,
992,Wimpod,Bug,Water,x,,,,,,,,,
993,Golisopod,,,//,,,,,,,,,
994,Sandygast,Ghost,Ground,x,,,,,,,,,
995,Palossand,Ghost,Ground,//,,,,,,,,,
996,Pyukumuku,Water,,x,,x,,,,,,,
997,Type:Null,,,,,,,,,,,,
998,Silvally,,,//,,,,,,,,,
999,Fire Silvally,,,//,,,,,,,,,
1000,Water Silvally,,,//,,,,,,,,,
1001,Electric Silvally,,,//,,,,,,,,,
1002,Grass Silvally,,,//,,,,,,,,,
1003,Ice Silvally,,,//,,,,,,,,,
1004,Fighting Silvally,,,//,,,,,,,,,
1005,Poison Silvally,,,//,,,,,,,,,
1006,Ground Silvally,,,//,,,,,,,,,
1007,Flying Silvally,,,//,,,,,,,,,
1008,Psychic Silvally,,,//,,,,,,,,,
1009,Bug Silvally,,,//,,,,,,,,,
1010,Rock Silvally,,,//,,,,,,,,,
1011,Ghost Silvally,,,//,,,,,,,,,
1012,Dragon Silvally,,,//,,,,,,,,,
1013,Dark Silvally,,,//,,,,,,,,,
1014,Steel Silvally,,,//,,,,,,,,,
1015,Fairy Silvally,,,//,,,,,,,,,
1016,Minior,Rock,Flying,x,,,,,,,,,
1017,Komala,Normal,,x,x,,,,,,,,
1018,Turtonator,Fire,Dragon,x,,,,,,,,,
1019,Togedemaru,Electric,Steel,x,,x,,,,,,,
1020,Totem Togedemaru,,,//,,,,,,,,,
1021,Mimikyu,Ghost,Fairy,x,,,,,,,,,
1022,Totem Mimikyu,,,//,,,,,,,,,
1023,Bruxish,Water,Psychic,,x,,,,,,,,
1024,Drampa,Normal,Dragon,x,,x,,,,,,,
1025,Dhelmise,Ghost,Grass,,,,,,,,,,
1026,Jangmo-o,Dragon,,x,,,,,,,,,
1027,Hakamo-o,,,//,,,,,,,,,
1028,Kommo-o,Dragon,Fighting,//,,,,,,,,,
1029,Totem Kommo-o,,,//,,,,,,,,,
1030,Tapu Koko,,,,,,,,,,,,
1031,Tapu Lele,,,,,,,,,,,,
1032,Tapu Bulu,,,,,,,,,,,,
1033,Tapu Fini,,,,,,,,,,,,
1034,Cosmog,,,,,,,,,,,,
1035,Cosmoem,,,//,,,,,,,,,
1036,Solgaleo,,,//,,,,,,,,,
1037,Lunala,,,//,,,,,,,,,
1038,Nihilego,,,,,,,,,,,,
1039,Buzzwole,,,,,,,,,,,,
1040,Pheromosa,,,,,,,,,,,,
1041,Xurkitree,,,,,,,,,,,,
1042,Celesteela,,,,,,,,,,,,
1043,Kartana,,,,,,,,,,,,
1044,Guzzlord,,,,,,,,,,,,
1045,Poipole,,,,,,,,,,,,
1046,Naganadel,,,//,,,,,,,,,
1047,Stakataka,,,,,,,,,,,,
1048,Blacephalon,,,,,,,,,,,,
1049,Necrozma,,,,,,,,,,,,
1050,Magearna,,,,,,,,,,,,
1051,Marshadow,,,,,,,,,,,,
1052,Zeraora,,,,,,,,,,,,
1053,Melmetal,,,//,,,,,,,,,
1054,Grookey,Grass,,x,,,,,,,,,
1055,Thwackey,Grass,,//,x,,,,,,,,
1056,Rillaboom,Grass,,//,,,,,,,,,
1057,Scorbunny,Fire,,x,,,,,,,,,
1058,Raboot,Fire,,//,x,,,,,,,,
1059,Cinderace,Fire,,//,,,,,,,,,
1060,Sobble,Water,,x,,,,,,,,,
1061,Drizzile,Water,,//,x,,,,,,,,
1062,Inteleon,Water,,//,,,,,,,,,
1063,Skwovet,Normal,,x,x,,,,,,,,
1064,Greedent,Normal,,//,,,,,,,,,
1065,Rookidee,Flying,,x,,,,,,,,,
1066,Corvisquire,Flying,,//,,,,,,,,,
1067,Corviknight,,,//,,,,,,,,,
1068,Blipbug,Bug,,x,,,,,,,,,
1069,Dottler,Bug,Psychic,//,,,,,,,,,
1070,Orbeetle,Bug,Psychic,//,,,,,,,,,
1071,Nickit,Dark,,x,,,,,,,,,
1072,Theivul,Dark,,//,,,,,,,,,
1073,Lunupine,Dark,,,,,,,,,,,
1074,?,,,//,,,,,,,,,
1075,?,,,,,,,,,,,,
1076,?,,,//,,,,,,,,,
1077,?,,,,,,,,,,,,
1078,?,,,//,,,,,,,,,
1079,?,,,,,,,,,,,,
1080,Faemilarin,Fairy,Flying,//,,,,,,,,,
1081,Faemisimo,Fairy,Flying,//,,,,,,,,,
1082,?,,,,,,,,,,,,
1083,?,,,//,,,,,,,,,
1084,?,,,,,,,,,,,,
1085,?,,,//,,,,,,,,,
1086,Impyre,Dark,,,,,,,,,,,
1087,Baflammet,Dark,Fire,//,,,,,,,,,
1088,?,,,,,,,,,,,,
1089,?,,,,,,,,,,,,
1090,?,,,//,,,,,,,,,
1091,Ardik,Ice,,,,,,,,,,,
1092,Sibex,Ice,,//,x,,,,,,,,
1093,?,,,,,,,,,,,,
1094,?,,,//,,,,,,,,,
1095,?,,,//,,,,,,,,,
1096,Bunbori,Ice,Fairy,,,x,,,,,,,
1097,?,,,//,,,,,,,,,
1098,?,,,,,,,,,,,,
1099,?,,,//,,,,,,,,,
1100,?,,,//,,,,,,,,,
1101,?,,,,,,,,,,,,
1102,?,,,//,,,,,,,,,
1103,?,,,//,,,,,,,,,
1104,?,,,,,,,,,,,,
1105,?,,,//,,,,,,,,,
1006,?,,,//,,,,,,,,,
1007,Gragon,Ghost,Dragon,,,,,,,,,,
1108,?,,,//,,,,,,,,,
1109,?,,,//,,,,,,,,,
1110,Kinaster,Dark,Fire,,,,,,,,,,
1111,?,,,,,,,,,,,,
1112,?,,,//,,,,,,,,,
1113,?,,,//,,,,,,,,,
1114,?,,,,,,,,,,,,
1115,?,,,//,,,,,,,,,
1116,?,,,,,,,,,,,,
1117,?,,,//,,,,,,,,,
1118,Pixrine,Rock,Fairy,,,,,,,,,,
1119,Kitsunari,Psychic,,,,,,,,,,,
1120,?,,,//,,,,,,,,,
1121,?,,,,,,,,,,,,
1122,?,,,,,,,,,,,,
1123,?,,,,,,,,,,,,
1124,?,,,//,,,,,,,,,
1125,?,,,//,,,,,,,,,
1126,?,,,,,,,,,,,,
1127,Glaquine,Ice,,,,x,,,,,,,
1128,?,,,//,,,,,,,,,
1129,?,,,,,,,,,,,,
1130,?,,,//,,,,,,,,,
1131,?,,,//,,,,,,,,,
1132,?,,,,,,,,,,,,
1133,?,,,//,,,,,,,,,
1134,?,,,,,,,,,,,,
1135,?,,,//,,,,,,,,,
1136,?,,,//,,,,,,,,,
1137,?,,,,,,,,,,,,
1138,?,,,//,,,,,,,,,
1139,?,,,,,,,,,,,,
1140,?,,,//,,,,,,,,,
1141,?,,,,,,,,,,,,
1142,?,,,//,,,,,,,,,
1143,?,,,//,,,,,,,,,
1144,Maravol,Bug,Poison,,,,,,,,,,
1145,?,,,,,,,,,,,,
1146,?,,,//,,,,,,,,,
1147,?,,,,,,,,,,,,
1148,?,,,//,,,,,,,,,
1149,?,,,//,,,,,,,,,
1150,Petripeep,Rock,,,,,,,,,,,
1151,?,,,//,,,,,,,,,
1152,?,,,//,,,,,,,,,
1153,?,,,//,,,,,,,,,
1154,?,,,//,,,,,,,,,
1155,?,,,,,,,,,,,,
1156,?,,,//,,,,,,,,,
1157,?,,,,,,,,,,,,
1158,?,,,//,,,,,,,,,
1159,?,,,,,,,,,,,,
1160,?,,,//,,,,,,,,,
1161,?,,,,,,,,,,,,
1162,?,,,//,,,,,,,,,
1163,?,,,,,,,,,,,,
1164,?,,,//,,,,,,,,,
1165,?,,,,,,,,,,,,
1166,?,,,//,,,,,,,,,
1167,?,,,//,,,,,,,,,
1168,?,,,//,,,,,,,,,
1169,?,,,//,,,,,,,,,
1170,?,,,//,,,,,,,,,
1171,?,,,,,,,,,,,,
1172,?,,,//,,,,,,,,,
1173,?,,,//,,,,,,,,,
1174,Slypin,Psychic,Dark,,,,,,,,,,
1175,?,,,//,,,,,,,,,
1176,?,,,,,,,,,,,,
1177,?,,,//,,,,,,,,,
1178,?,,,//,,,,,,,,,
1179,?,,,,,,,,,,,,
1180,?,,,//,,,,,,,,,
1181,?,,,//,,,,,,,,,
1182,?,,,,,,,,,,,,
1183,?,,,//,,,,,,,,,
1184,?,,,//,,,,,,,,,
1185,?,,,,,,,,,,,,
1186,?,,,//,,,,,,,,,
1187,?,,,,,,,,,,,,
1188,?,,,//,,,,,,,,,
1189,?,,,//,,,,,,,,,
1190,Saiyan Ratatta,,,,,,,,,,,,
1191,Super-Saiyan Rattata,,,//,,,,,,,,,
1192,Super-Saiyan Raticate,,,//,,,,,,,,,
1193,Super-Saiyan 2 Raticate,,,//,,,,,,,,,
1194,Super-Saiyan 3 Raticate,,,//,,,,,,,,,
1195,Super-Saiyan 4 Raticate,,,//,,,,,,,,,
1196,Flying Pichu,,,,,,,,,,,,
1197,Surfing Pichu,Electric,,,,,,,,,,,
1198,Flying Pikachu,,,//,,,,,,,,,
1199,Surfing Pikachu,,,//,,,,,,,,,
1200,Snowboarding Pikachu,Electric,,//,,,,,,,,,
1201,Flying Raichu,Electric,Flying,//,x,,,,,,,,
1202,Surfing Raichu,,,//,,,,,,,,,
1203,Snowboarding Raichu,Electric,Ice,//,x,,,,,,,,
1204,Shooting Star Cleffa,Fairy,,,,,,,,,,,
1205,Shooting Star Clefairy,Fairy,,//,,,,,,,,,
1206,Shooting Star Clefable,,,//,,,,,,,,,
1207,Koroku,Fire,Ice,,,x,,,,,,,
1208,Kyukori,,,//,,,,,,,,,
1209,Guild Igglybuff,,,,,,,,,,,,
1210,Guild Jigglypuff,,,//,,,,,,,,,
1211,Guild Wigglytuff,,,//,,,,,,,,,
1212,Apocalyptic Growlith,Fire,,,x,,,,,,,,
1213,Apocalyptic Arcanine,,,//,,,,,,,,,
1214,Snowpoke,,,,,,,,,,,,
1215,Snowbro,,,//,,,,,,,,,
1216,Snowking,,,//,,,,,,,,,
1217,Death Star Voltorb,,,,,,,,,,,,
1218,Death Star Electrode,,,//,,,,,,,,,
1219,Early Bird Natu,,,,,,,,,,,,
1220,Early Bird Xatu,,,//,,,,,,,,,
1221,Vampire Gilgar,,,,,,,,,,,,
1222,Vampire Gliscor,,,//,,,,,,,,,
1223,Scaracross,,,,,,,,,,,,
1224,Blue Moon Slugma,,,,,,,,,,,,
1225,Blue Moon Magcargo,,,//,,,,,,,,,
1226,Orthrus Houndour,,,//,,,,,,,,,
1227,Frosdour,Dark,Ice,,,,,,,,,,
1228,Cerberus Houndoom,,,//,,,,,,,,,
1229,Chilldoom,,,//,,,,,,,,,
1230,XD001,,,//,,,,,,,,,
1231,Apocalyptic Poochyena,,,,,,,,,,,,
1232,Apocalyptic Mightyena,,,//,,,,,,,,,
1233,Apocalyptic Shroomish,Grass,Poison,,x,,,,,,,,
1234,Apocalyptic Breloom,,,//,,,,,,,,,
1235,Ryukuza,Dragon,Flying,,,,,,,,,,
1236,Magquaza,,,,,,,,,,,,
1237,Seasonal Turtwig,,,,,,,,,,,,
1238,Seasonal Grotle,,,//,,,,,,,,,
1239,Seasonal Torterra,,,//,,,,,,,,,
1240,Shinxel,,,,,,,,,,,,
1241,Fluxio,,,//,,,,,,,,,
1242,Fluxray,,,//,,,,,,,,,
1243,Mega Fluxray,,,//,,,,,,,,,
1244,Snow Combee,Bug,Ice,,,,,,,,,,
1245,Snow Vespiqueen,,,//,,,,,,,,,
1246,Witch Purrloin,Dark,,,,,,,,,,,
1247,Witch Liepard,,,//,,,,,,,,,
1248,Apacolyptic Golett,,,,,,,,,,,,
1249,Apacolyptic Golurk,,,//,,,,,,,,,
1250,Glileo,,,,,,,,,,,,
1251,Pyriscor,,,//,,,,,,,,,
1252,Pointe Oricorio,,,//,,,,,,,,,
1253,Gossifleur,Grass,,,,x,,,,,,,
1254,Eldegoss,,,,,,,,,,,,
1255,Wooloo,Normal,,x,,x,,,,,,,
1256,Dubwool,Normal,,,,,,,,,,,
1257,Chewtle,Water,,x,,x,,,,,,,
1258,Drednaw,,,,,,,,,,,,
1259,Yamper,Electric,,x,,x,,,,,,,
1260,Boltund,Electric,,,,,,,,,,,
1261,Deerling (Winter),Normal,Grass,x,,x,,,,,,,
1262,Deerling (Spring),Normal,Grass,//,,,,,,,,,
1263,Deerling (Summer),Normal,Grass,//,,,,,,,,,
1264,Deerling (Autumn),Normal,Grass,//,,,,,,,,,
1265,Sawsbuck (Winter),Normal,Grass,//,,,,,,,,,
1266,Sawsbuck (Spring),Normal,Grass,//,,,,,,,,,
1267,Sawsbuck (Summer),Normal,Grass,//,,,,,,,,,
1268,Sawsbuck (Autumn),Normal,Grass,//,,,,,,,,,
1269,Exposed Minior (Blue),,,//,,,,,,,,,
1270,Exposed Minior (Green),,,//,,,,,,,,,
1271,Exposed Minior (Indigo),,,//,,,,,,,,,
1272,Exposed Minior (Orange),,,//,,,,,,,,,
1273,Exposed Minior (Red),,,//,,,,,,,,,
1274,Exposed Minior (Violet),,,//,,,,,,,,,
1275,Exposed Minior (Yellow),,,//,,,,,,,,,
1276, Meadow Vivillion,Bug,Flying,//,,,,,,,,,
1277,Polar Vivillion,Bug,Flying,//,,,,,,,,,
1278,Tundra Vivillion,Bug,Flying,//,,,,,,,,,
1279,Continental Vivillion,Bug,Flying,//,,,,,,,,,
1280,Garden Vivillion,Bug,Flying,//,,,,,,,,,
1281,Elegant Vivillion,Bug,Flying,//,,,,,,,,,
1282,Icy Snow Vivillion,Bug,Flying,//,,,,,,,,,
1283,Modern Vivillion,Bug,Flying,//,,,,,,,,,
1284,Marine Vivillion,Bug,Flying,//,,,,,,,,,
1285,Archipelago Vivillion,Bug,Flying,//,,,,,,,,,
1286,High Plains Vivillion,Bug,Flying,//,,,,,,,,,
1287,Sandstorm Vivillion,Bug,Flying,//,,,,,,,,,
1288,River Vivillion,Bug,Flying,//,,,,,,,,,
1289,Monsoon Vivillion,Bug,Flying,//,,,,,,,,,
1290,Savanna Vivillion,Bug,Flying,//,,,,,,,,,
1291,Sun Vivillion,Bug,Flying,//,,,,,,,,,
1292,Ocean Vivillion,Bug,Flying,//,,,,,,,,,
1293,Jungle Vivillion,Bug,Flying,//,,,,,,,,,
1294,Fancy Vivillion,Bug,Flying,//,,,,,,,,,
1295,Poke Ball Vivillion,Bug,Flying,//,,,,,,,,,
1296,Flabebe (Dark Red),Fairy,,x,,,,,,,,,
1297,Flabebe (Red),Fairy,,//,,,,,,,,,
1298,Flabebe (Light Red),Fairy,,//,,,,,,,,,
1299,Flabebe (Dark Orange),Fairy,,//,,,,,,,,,
1300,Flabebe (Orange),Fairy,,//,,,,,,,,,
1301,Flabebe (Light Orange),Fairy,,//,,,,,,,,,
1302,Flabebe (Dark Yellow),Fairy,,//,,,,,,,,,
1303,Flabebe (Yellow),Fairy,,//,,,,,,,,,
1304,Flabebe (Light Yellow),Fairy,,//,,,,,,,,,
1305,Flabebe (Dark Green),Fairy,,//,,,,,,,,,
1306,Flabebe (Green),Fairy,,//,,,,,,,,,
1307,Flabebe (Light Green),Fairy,,//,,,,,,,,,
1308,Flabebe (Dark Blue),Fairy,,//,,,,,,,,,
1309,Flabebe (Blue),Fairy,,//,,,,,,,,,
1310,Flabebe (Light Blue),Fairy,,//,,,,,,,,,
1311,Flabebe (Dark Aqua),Fairy,,//,,,,,,,,,
1312,Flabebe (Aqua),Fairy,,//,,,,,,,,,
1313,Flabebe (Light Aqua),Fairy,,//,,,,,,,,,
1314,Flabebe (Dark Purple),Fairy,,//,,,,,,,,,
1315,Flabebe (Purple),Fairy,,//,,,,,,,,,
1316,Flabebe (Light Purple),Fairy,,//,,,,,,,,,
1317,Flabebe (Dark Pink),Fairy,,//,,,,,,,,,
1318,Flabebe (Pink),Fairy,,//,,,,,,,,,
1319,Flabebe (Light Pink),Fairy,,//,,,,,,,,,
1320,Flabebe (White),Fairy,,//,,,,,,,,,
1321,Flabebe (Gray),Fairy,,//,,,,,,,,,
1322,Flabebe (Black),Fairy,,//,,,,,,,,,
1323,Floette (Dark Red),Fairy,,//,,,,,,,,,
1324,Floette (Red),Fairy,,//,,,,,,,,,
1325,Floette (Light Red),Fairy,,//,,,,,,,,,
1326,Floette (Dark Orange),Fairy,,//,,,,,,,,,
1327,Floette (Orange),Fairy,,//,,,,,,,,,
1328,Floette (Light Orange),Fairy,,//,,,,,,,,,
1329,Floette (Dark Yellow),Fairy,,//,,,,,,,,,
1330,Floette (Yellow),Fairy,,//,,,,,,,,,
1331,Floette (Light Yellow),Fairy,,//,,,,,,,,,
1332,Floette (Dark Green),Fairy,,//,,,,,,,,,
1333,Floette (Green),Fairy,,//,,,,,,,,,
1334,Floette (Light Green),Fairy,,//,,,,,,,,,
1335,Floette (Dark Aqua),Fairy,,//,,,,,,,,,
1336,Floette (Aqua),Fairy,,//,,,,,,,,,
,Floette (Light Aqua),Fairy,,//,,,,,,,,,
,Floette (Dark Blue),Fairy,,//,,,,,,,,,
,Floette (Blue),Fairy,,//,,,,,,,,,
,Floette (Light Blue),Fairy,,//,,,,,,,,,
,Floette (Dark Purple),Fairy,,//,,,,,,,,,
,Floette (Purple),Fairy,,//,,,,,,,,,
,Floette (Light Purple),Fairy,,//,,,,,,,,,
,Floette (Dark Pink),Fairy,,//,,,,,,,,,
,Floette (Pink),Fairy,,//,,,,,,,,,
,Floette (Light Pink),Fairy,,//,,,,,,,,,
,Floette (White),Fairy,,//,,,,,,,,,
,Floette (Gray),Fairy,,//,,,,,,,,,
,Floette (Black),Fairy,,//,,,,,,,,,
,Florges (Dark Red),Fairy,,//,,,,,,,,,
,Florges (Red),Fairy,,//,,,,,,,,,
,Florges (Light Red),Fairy,,//,,,,,,,,,
,Florges (Dark Orange),Fairy,,//,,,,,,,,,
,Florges (Orange),Fairy,,//,,,,,,,,,
,Florges (Light Orange),Fairy,,//,,,,,,,,,
,Florges (Dark Yellow),Fairy,,//,,,,,,,,,
,Florges (Yellow),Fairy,,//,,,,,,,,,
,Florges (Light Yellow),Fairy,,//,,,,,,,,,
,Florges (Dark Green),Fairy,,//,,,,,,,,,
,Florges (Green),Fairy,,//,,,,,,,,,
,Florges (Light Green),Fairy,,//,,,,,,,,,
,Florges (Dark Blue),Fairy,,//,,,,,,,,,
,Florges (Blue),Fairy,,//,,,,,,,,,
,Florges (Light Blue),Fairy,,//,,,,,,,,,
,Florges (Dark Auqa),Fairy,,//,,,,,,,,,
,Florges (Aqua),Fairy,,//,,,,,,,,,
,Florges (Light Aqua),Fairy,,//,,,,,,,,,
,Florges (Dark Purple),Fairy,,//,,,,,,,,,
,Florges (Purple),Fairy,,//,,,,,,,,,
,Florges (Light Purple),Fairy,,//,,,,,,,,,
,Florges (Dark Pink),Fairy,,//,,,,,,,,,
,Florges (Pink),Fairy,,//,,,,,,,,,
,Florges (Light Pink),Fairy,,//,,,,,,,,,
,Florges (White),Fairy,,//,,,,,,,,,
,Florges (Gray),Fairy,,//,,,,,,,,,
,Florges (Black),Fairy,,//,,,,,,,,,
,Furfrou,Normal,,,,x,,,,,,,
,Furfrou (Heart),Normal,,//,,,,,,,,,
,Furfrou (Star),Normal,,//,,,,,,,,,
,Furfrou (Diamond),Normal,,//,,,,,,,,,
,Furfrou (Deputante),Normal,,//,,,,,,,,,
,Furfrou (Matron),Normal,,//,,,,,,,,,
,Furfrou (Dandy),Normal,,//,,,,,,,,,
,Furfrou (La Reine),Normal,,//,,,,,,,,,
,Furfrou (Kabuki),Normal,,//,,,,,,,,,
,Furfrou (Pharaoh),Normal,,//,,,,,,,,,
,Spinda,Normal,,x,,x,,,,,,,
,Mega Bunbori,,,//,,,,,,,,,
